data_1,data_2,data_3,data_4,data_5,data_6,data_7,data_8,data_9,data_10,data_11,data_12,data_13,data_14,data_15,data_16,data_17,data_18,data_19,data_20,data_21,data_22,data_23,data_24,data_25
-0.09578146,-0.45622057,0.8387697,-0.44410855,-0.35069275,0.55887604,-0.029013714,0.07109891,-0.83468395,-0.36990574,-0.9405415,0.08815909,-1.9057628,-0.36137682,-0.58114296,0.41370472,-0.49040624,0.30055165,-0.076409146,0.20226921,0.6750329,-0.13403033,-0.114941955,-0.3858325,0.92440456
