data_1,data_2,data_3,data_4,data_5,data_6,data_7,data_8,data_9,data_10,data_11,data_12,data_13,data_14,data_15,data_16,data_17,data_18,data_19,data_20,data_21,data_22,data_23,data_24,data_25
-0.96980655,-2.5059614,-0.8204318,-2.6838531,0.5530817,0.9702651,-2.4249625,0.08346335,-1.3413209,0.7951389,0.60915756,-1.1913244,-0.8423307,-1.927784,-0.069885015,-1.2106813,-2.33469,1.2094241,-0.8292621,0.7604793,0.5918209,-0.81595,0.11064456,-0.7105217,1.1882254
