data_1,data_2,data_3,data_4,data_5,data_6,data_7,data_8,data_9,data_10,data_11,data_12,data_13,data_14,data_15
0.91658825,0.2265611,-0.25861645,0.8444228,-0.15786503,0.10935923,0.2862668,0.5039996,-0.006604632,0.28363174,-0.45987427,0.4086576,-0.19377895,0.11579675,0.6852269
