data_1,data_2,data_3,data_4,data_5,data_6,data_7,data_8,data_9,data_10,data_11,data_12,data_13,data_14,data_15
0.13533926,-0.9388736,-0.037286863,-0.039918832,-1.1989468,0.10637879,1.4841114,0.40031052,-0.33630383,-0.08394393,0.38876918,0.10086462,-0.21280186,-0.83306235,1.0621843
