data_1,data_2,data_3,data_4,data_5,data_6,data_7,data_8,data_9,data_10,data_11,data_12,data_13,data_14,data_15,data_16,data_17,data_18,data_19
2.209585,-0.40873516,-0.23509866,-0.012905425,0.025853753,-0.46534246,0.042346265,-1.1039572,-2.1471202,1.0783948,0.84966135,0.03596519,-0.9595145,0.08103741,-1.0438676,0.3687856,0.07523051,-2.4010653,1.0424385
