data_1,data_2,data_3,data_4,data_5,data_6,data_7,data_8,data_9,data_10,data_11,data_12,data_13,data_14,data_15,data_16,data_17,data_18,data_19
0.032018553,0.32217094,0.084441975,-0.10458691,-1.2356026,2.0075254,-0.5288261,0.12607208,0.22760576,0.38083756,0.41001612,-0.017981345,-0.07282231,-0.938659,-2.103423,-0.915208,0.16500485,0.48277357,0.90580475
