data_1,data_2,data_3,data_4,data_5,data_6,data_7,data_8,data_9,data_10,data_11,data_12,data_13,data_14,data_15,data_16,data_17,data_18,data_19,data_20,data_21
10.370499,-0.18355249,4.9522953,0.28280142,-0.19774859,3.838574,9.743137,0.83188385,-5.3003845,3.15022,8.996689,-0.21512276,4.8048444,-0.7260964,-0.11272587,3.63891,8.612582,0.6542148,-6.9004993,2.381809,1.764636
