data_1,data_2,data_3,data_4,data_5,data_6,data_7,data_8,data_9,data_10,data_11,data_12,data_13,data_14,data_15,data_16,data_17,data_18,data_19,data_20,data_21
-0.22116989,0.87165374,-0.6049967,-0.3105284,-0.5216064,0.63462824,0.35332453,-0.03344826,-0.13797127,1.516978,0.047449194,0.16489463,0.6112506,0.3513392,0.96192086,-0.18222669,0.009772256,-0.4049455,-0.28259856,0.8941059,0.8674947
