data_1,data_2,data_3,data_4,data_5,data_6,data_7
-0.5828518,-0.47398275,0.8655547,-0.5528199,-0.074640594,0.47351468,1.102755
