data_1,data_2,data_3,data_4,data_5,data_6,data_7
0.11519715,-0.04466414,0.7523107,0.75206476,-0.18654497,-0.17815976,0.7116538
