data_1,data_2,data_3,data_4,data_5,data_6,data_7
-0.2654966,-0.14474624,1.5601767,0.26837754,2.4684632,-1.9644637,1.2698592
