data_1,data_2,data_3,data_4,data_5,data_6,data_7,data_8,data_9,data_10,data_11
-0.30357507,-1.6797096,-0.5310252,-0.58472556,-1.096606,-0.40036666,-1.6385176,-0.046314903,-0.52944106,-0.91667664,1.0302367
