data_1,data_2,data_3,data_4,data_5,data_6,data_7,data_8,data_9,data_10,data_11
2.8500354,-0.45096365,-0.2266184,-2.0960348,1.3064684,2.1496422,0.20952946,-0.7625724,-1.2667115,-2.0518568,1.338944
