data_1,data_2,data_3,data_4,data_5,data_6,data_7,data_8,data_9,data_10,data_11,data_12,data_13,data_14,data_15,data_16,data_17,data_18,data_19,data_20,data_21,data_22,data_23
-2.324318,0.78942806,-0.96720505,-1.1564732,0.46216452,0.01580495,-0.19277893,-0.34765422,0.21922803,-2.575614,0.93082356,1.9194342,0.056554284,0.82169795,1.116768,-0.41517174,-0.046577234,0.02267858,0.001652422,0.1703557,2.9012384,-0.70845944,0.94402
