data_1,data_2,data_3,data_4,data_5,data_6,data_7,data_8,data_9,data_10,data_11,data_12,data_13,data_14,data_15,data_16,data_17,data_18,data_19,data_20,data_21,data_22,data_23
0.88659,0.19180937,-0.8417525,0.42150673,-0.89393914,0.68381244,-0.042635374,-0.40465334,1.4168257,-0.17476085,0.587178,0.80231583,-0.1703375,1.0785487,-0.3834439,0.9439666,-0.055922642,-0.40197742,0.6883497,0.84886193,0.3232223,0.8945882,1.0135165
