data_1,data_2,data_3,data_4,data_5,data_6,data_7,data_8,data_9,data_10,data_11,data_12,data_13
-0.11203195,-0.56653464,0.49813774,-0.6664203,-0.89809555,1.1413677,0.19918309,0.27030975,-0.9930649,0.32628724,0.6317111,-0.84714496,0.802633
