data_1,data_2,data_3,data_4,data_5,data_6,data_7,data_8,data_9,data_10,data_11,data_12,data_13
-0.0963977,-0.0043626493,0.07542922,0.013725202,-0.42098945,0.15880603,-0.011383846,0.3824743,0.043472607,-0.11792139,0.48729122,-0.31634784,0.57933354
