data_1,data_2,data_3,data_4,data_5,data_6,data_7,data_8,data_9
-0.078243256,-0.04243343,0.034189805,0.013009416,-0.119458966,-0.011883118,0.030537836,0.018267462,0.26292953
