data_1,data_2,data_3,data_4,data_5,data_6,data_7,data_8,data_9
0.062037937,-0.13931692,-0.23984998,0.4492958,-0.35468495,-0.11001149,-0.2394529,0.56063724,0.8390109
