data_1,data_2,data_3,data_4,data_5,data_6,data_7,data_8,data_9,data_10,data_11,data_12,data_13,data_14,data_15,data_16,data_17
-0.204612,-0.13172144,-0.09442215,0.22887675,0.2976735,0.23577489,-0.038494777,0.6298342,0.1904721,0.13350016,-0.32455602,-0.23671542,0.18301463,0.21588647,-0.2410628,0.20704198,0.6390127
