data_1,data_2,data_3,data_4,data_5,data_6,data_7,data_8,data_9,data_10,data_11,data_12,data_13,data_14,data_15,data_16,data_17
0.29832846,-0.19036075,-0.0452346,0.32170665,0.06967922,-0.16994,0.011465315,0.04326368,0.25881252,0.09303793,-0.004388492,-0.20441045,-0.022160927,0.14930466,-0.18305403,0.15628996,0.6179466
